Treatment,Species,Light_Level,Replicate,Experimental_Day,Cells/mL,Growth_Rate
P bur,P bur,0,A,0,56,
P bur,P bur,0,B,0,50,
P bur,P bur,0,C,0,53,
P bur,P bur,50,A,0,55,
P bur,P bur,50,B,0,58,
P bur,P bur,50,C,0,49,
P bur,P bur,100,A,0,55,
P bur,P bur,100,B,0,53,
P bur,P bur,100,C,0,42,
P bur,P bur,200,A,0,43,
P bur,P bur,200,B,0,44,
P bur,P bur,200,C,0,48,
P bur,P bur,0,A,1,58,
P bur,P bur,0,B,1,59,
P bur,P bur,0,C,1,48,
P bur,P bur,50,A,1,41,
P bur,P bur,50,B,1,39,
P bur,P bur,50,C,1,53,
P bur,P bur,100,A,1,37,
P bur,P bur,100,B,1,65,
P bur,P bur,100,C,1,45,
P bur,P bur,200,A,1,43,
P bur,P bur,200,B,1,46,
P bur,P bur,200,C,1,67,
P bur,P bur,0,A,4,32,
P bur,P bur,0,B,4,40,
P bur,P bur,0,C,4,41,
P bur,P bur,50,A,4,43,
P bur,P bur,50,B,4,48,
P bur,P bur,50,C,4,56,
P bur,P bur,100,A,4,60,
P bur,P bur,100,B,4,77,
P bur,P bur,100,C,4,77,
P bur,P bur,200,A,4,81,
P bur,P bur,200,B,4,74,
P bur,P bur,200,C,4,67,
P bur,P bur,0,A,7,27,
P bur,P bur,0,B,7,29,
P bur,P bur,0,C,7,27,
P bur,P bur,50,A,7,60,
P bur,P bur,50,B,7,60,
P bur,P bur,50,C,7,100,
P bur,P bur,100,A,7,127,
P bur,P bur,100,B,7,156,
P bur,P bur,100,C,7,132,
P bur,P bur,200,A,7,98,
P bur,P bur,200,B,7,117,
P bur,P bur,200,C,7,98,
P bur,P bur,0,A,11,16,
P bur,P bur,0,B,11,32,
P bur,P bur,0,C,11,35,
P bur,P bur,50,A,11,124,
P bur,P bur,50,B,11,127,
P bur,P bur,50,C,11,133,
P bur,P bur,100,A,11,197,
P bur,P bur,100,B,11,213,
P bur,P bur,100,C,11,207,
P bur,P bur,200,A,11,216,
P bur,P bur,200,B,11,198,
P bur,P bur,200,C,11,124,
P bur,P bur,0,A,14,11,
P bur,P bur,0,B,14,21,
P bur,P bur,0,C,14,25,
P bur,P bur,50,A,14,192,
P bur,P bur,50,B,14,104,
P bur,P bur,50,C,14,234,
P bur,P bur,100,A,14,343.3333333,
P bur,P bur,100,B,14,510,
P bur,P bur,100,C,14,440,
P bur,P bur,200,A,14,433.3333333,
P bur,P bur,200,B,14,416.6666667,
P bur,P bur,200,C,14,410,
P bur,P bur,0,A,17,14,
P bur,P bur,0,B,17,5,
P bur,P bur,0,C,17,23,
P bur,P bur,50,A,17,257.5,
P bur,P bur,50,B,17,97.5,
P bur,P bur,50,C,17,242.5,
P bur,P bur,100,A,17,495,
P bur,P bur,100,B,17,775,
P bur,P bur,100,C,17,660,
P bur,P bur,200,A,17,845,
P bur,P bur,200,B,17,675,
P bur,P bur,200,C,17,865,
P bur,P bur,0,A,19,3,
P bur,P bur,0,B,19,12,
P bur,P bur,0,C,19,17,
P bur,P bur,50,A,19,300,
P bur,P bur,50,B,19,132.5,
P bur,P bur,50,C,19,320,
P bur,P bur,100,A,19,625,
P bur,P bur,100,B,19,1150,
P bur,P bur,100,C,19,865,
P bur,P bur,200,A,19,1100,
P bur,P bur,200,B,19,769.2307692,
P bur,P bur,200,C,19,984.6153846,
P bur,P bur,0,A,21,11,
P bur,P bur,0,B,21,9,
P bur,P bur,0,C,21,18,
P bur,P bur,50,A,21,355,
P bur,P bur,50,B,21,152.5,
P bur,P bur,50,C,21,422.5,
P bur,P bur,100,A,21,1160,
P bur,P bur,100,B,21,1135,
P bur,P bur,100,C,21,785,
P bur,P bur,200,A,21,900,
P bur,P bur,200,B,21,1016.666667,
P bur,P bur,200,C,21,1216.666667,
P bur,P bur,0,A,24,2,
P bur,P bur,0,B,24,2,
P bur,P bur,0,C,24,8,
P bur,P bur,50,A,24,353.3333333,
P bur,P bur,50,B,24,80,
P bur,P bur,50,C,24,520,
P bur,P bur,100,A,24,1260,
P bur,P bur,100,B,24,1640,
P bur,P bur,100,C,24,1160,
P bur,P bur,200,A,24,1400,
P bur,P bur,200,B,24,1420,
P bur,P bur,200,C,24,1950,
P bur,P bur,0,A,26,3,
P bur,P bur,0,B,26,4,
P bur,P bur,0,C,26,13,
P bur,P bur,50,A,26,435,
P bur,P bur,50,B,26,165,
P bur,P bur,50,C,26,720,
P bur,P bur,100,A,26,1700,
P bur,P bur,100,B,26,1775,
P bur,P bur,100,C,26,1512.5,
P bur,P bur,200,A,26,1675,
P bur,P bur,200,B,26,2125,
P bur,P bur,200,C,26,2250,
P bur,P bur,0,A,28,0,
P bur,P bur,0,B,28,0,
P bur,P bur,0,C,28,9,
P bur,P bur,50,A,28,375,
P bur,P bur,50,B,28,120,
P bur,P bur,50,C,28,775,
P bur,P bur,100,A,28,1862.5,
P bur,P bur,100,B,28,2362.5,
P bur,P bur,100,C,28,1950,
P bur,P bur,200,A,28,1612.5,
P bur,P bur,200,B,28,2087.5,
P bur,P bur,200,C,28,2787.5,
P bur,P bur,0,A,31,0,
P bur,P bur,0,B,31,0,
P bur,P bur,0,C,31,5,
P bur,P bur,50,A,31,440,
P bur,P bur,50,B,31,140,
P bur,P bur,50,C,31,1210,
P bur,P bur,100,A,31,2500,
P bur,P bur,100,B,31,2762.5,
P bur,P bur,100,C,31,3025,
P bur,P bur,200,A,31,2200,
P bur,P bur,200,B,31,3362.5,
P bur,P bur,200,C,31,4100,
P bur,P bur,0,A,33,2,
P bur,P bur,0,B,33,0,
P bur,P bur,0,C,33,2,
P bur,P bur,50,A,33,560,
P bur,P bur,50,B,33,120,
P bur,P bur,50,C,33,1150,
P bur,P bur,100,A,33,3240,
P bur,P bur,100,B,33,3760,
P bur,P bur,100,C,33,2900,
P bur,P bur,200,A,33,2700,
P bur,P bur,200,B,33,4200,
P bur,P bur,200,C,33,3780,
P bur,P bur,0,A,35,0,
P bur,P bur,0,B,35,0,
P bur,P bur,0,C,35,0,
P bur,P bur,50,A,35,545,
P bur,P bur,50,B,35,115,
P bur,P bur,50,C,35,1095,
P bur,P bur,100,A,35,2012.5,
P bur,P bur,100,B,35,2212.5,
P bur,P bur,100,C,35,2012.5,
P bur,P bur,200,A,35,2087.5,
P bur,P bur,200,B,35,2962.5,
P bur,P bur,200,C,35,2200,
P bur,P bur,0,A,37,0,
P bur,P bur,0,B,37,0,
P bur,P bur,0,C,37,0,
P bur,P bur,50,A,37,480,
P bur,P bur,50,B,37,80,
P bur,P bur,50,C,37,1335,
P bur,P bur,100,A,37,2780,
P bur,P bur,100,B,37,4100,
P bur,P bur,100,C,37,7380,
P bur,P bur,200,A,37,3160,
P bur,P bur,200,B,37,4480,
P bur,P bur,200,C,37,4260,
P bur,P bur,0,A,40,0,
P bur,P bur,0,B,40,0,
P bur,P bur,0,C,40,0,
P bur,P bur,50,A,40,595,
P bur,P bur,50,B,40,150,
P bur,P bur,50,C,40,1320,
P bur,P bur,100,A,40,2360,
P bur,P bur,100,B,40,4440,
P bur,P bur,100,C,40,4160,
P bur,P bur,200,A,40,4000,
P bur,P bur,200,B,40,4760,
P bur,P bur,200,C,40,4020,
P bur,P bur,0,A,42,0,
P bur,P bur,0,B,42,0,
P bur,P bur,0,C,42,0,
P bur,P bur,50,A,42,630,
P bur,P bur,50,B,42,70,
P bur,P bur,50,C,42,1180,
P bur,P bur,100,A,42,2820,
P bur,P bur,100,B,42,4660,
P bur,P bur,100,C,42,3960,
P bur,P bur,200,A,42,3740,
P bur,P bur,200,B,42,5260,
P bur,P bur,200,C,42,4640,
P bur,P bur,0,A,46,0,
P bur,P bur,0,B,46,0,
P bur,P bur,0,C,46,0,
P bur,P bur,50,A,46,745,
P bur,P bur,50,B,46,90,
P bur,P bur,50,C,46,790,
P bur,P bur,100,A,46,2000,
P bur,P bur,100,B,46,4920,
P bur,P bur,100,C,46,3740,
P bur,P bur,200,A,46,3460,
P bur,P bur,200,B,46,6180,
P bur,P bur,200,C,46,6100,
P bur,P bur,0,A,48,0,
P bur,P bur,0,B,48,0,
P bur,P bur,0,C,48,0,
P bur,P bur,50,A,48,855,
P bur,P bur,50,B,48,130,
P bur,P bur,50,C,48,595,
P bur,P bur,100,A,48,2120,
P bur,P bur,100,B,48,4540,
P bur,P bur,100,C,48,3080,
P bur,P bur,200,A,48,2420,
P bur,P bur,200,B,48,7300,
P bur,P bur,200,C,48,5420,
P bur,P bur,0,A,51,0,
P bur,P bur,0,B,51,0,
P bur,P bur,0,C,51,0,
P bur,P bur,50,A,51,750,
P bur,P bur,50,B,51,60,
P bur,P bur,50,C,51,285,
P bur,P bur,100,A,51,1880,
P bur,P bur,100,B,51,4900,
P bur,P bur,100,C,51,2560,
P bur,P bur,200,A,51,1820,
P bur,P bur,200,B,51,6920,
P bur,P bur,200,C,51,6280,
P bur,P bur,0,A,60,0,
P bur,P bur,0,B,60,0,
P bur,P bur,0,C,60,0,
P bur,P bur,50,A,60,67.5,
P bur,P bur,50,B,60,2.5,
P bur,P bur,50,C,60,0,
P bur,P bur,100,A,60,0,
P bur,P bur,100,B,60,2920,
P bur,P bur,100,C,60,820,
P bur,P bur,200,A,60,0,
P bur,P bur,200,B,60,7860,
P bur,P bur,200,C,60,5720,
P bur,P bur,0,A,62,0,
P bur,P bur,0,B,62,0,
P bur,P bur,0,C,62,0,
P bur,P bur,50,A,62,2,
P bur,P bur,50,B,62,0,
P bur,P bur,50,C,62,0,
P bur,P bur,100,A,62,10,
P bur,P bur,100,B,62,2180,
P bur,P bur,100,C,62,50,
P bur,P bur,200,A,62,0,
P bur,P bur,200,B,62,6340,
P bur,P bur,200,C,62,4960,
P bur,P bur,0,A,64,0,
P bur,P bur,0,B,64,0,
P bur,P bur,0,C,64,0,
P bur,P bur,50,A,64,0,
P bur,P bur,50,B,64,0,
P bur,P bur,50,C,64,0,
P bur,P bur,100,A,64,0,
P bur,P bur,100,B,64,1560,
P bur,P bur,100,C,64,0,
P bur,P bur,200,A,64,0,
P bur,P bur,200,B,64,7240,
P bur,P bur,200,C,64,4900,
P bur,P bur,0,A,62,0,
P bur,P bur,0,B,62,0,
P bur,P bur,0,C,62,0,
P bur,P bur,50,A,62,2,
P bur,P bur,50,B,62,0,
P bur,P bur,50,C,62,0,
P bur,P bur,100,A,62,10,
P bur,P bur,100,B,62,2180,
P bur,P bur,100,C,62,50,
P bur,P bur,200,A,62,0,
P bur,P bur,200,B,62,6340,
P bur,P bur,200,C,62,4960,
P bur,P bur,0,A,64,0,
P bur,P bur,0,B,64,0,
P bur,P bur,0,C,64,0,
P bur,P bur,50,A,64,0,
P bur,P bur,50,B,64,0,
P bur,P bur,50,C,64,0,
P bur,P bur,100,A,64,0,
P bur,P bur,100,B,64,1560,
P bur,P bur,100,C,64,0,
P bur,P bur,200,A,64,0,
P bur,P bur,200,B,64,7240,
P bur,P bur,200,C,64,4900,
P bur,P bur,0,A,68,0,
P bur,P bur,0,B,68,0,
P bur,P bur,0,C,68,0,
P bur,P bur,50,A,68,0,
P bur,P bur,50,B,68,0,
P bur,P bur,50,C,68,0,
P bur,P bur,100,A,68,0,
P bur,P bur,100,B,68,960,
P bur,P bur,100,C,68,0,
P bur,P bur,200,A,68,0,
P bur,P bur,200,B,68,6740,
P bur,P bur,200,C,68,2500,
P bur,P bur,0,A,73,0,
P bur,P bur,0,B,73,0,
P bur,P bur,0,C,73,0,
P bur,P bur,50,A,73,0,
P bur,P bur,50,B,73,0,
P bur,P bur,50,C,73,0,
P bur,P bur,100,A,73,0,
P bur,P bur,100,B,73,115,
P bur,P bur,100,C,73,0,
P bur,P bur,200,A,73,0,
P bur,P bur,200,B,73,3860,
P bur,P bur,200,C,73,1940,
Comp,P bur,0,A,0,55,
Comp,P bur,0,B,0,51,
Comp,P bur,0,C,0,36,
Comp,Colp,0,A,0,50,
Comp,Colp,0,B,0,54,
Comp,Colp,0,C,0,48,
Comp,P bur,50,A,0,46,
Comp,P bur,50,B,0,44,
Comp,Colp,50,A,0,56,
Comp,Colp,50,B,0,50,
Comp,P bur,100,A,0,67,
Comp,P bur,100,B,0,45,
Comp,P bur,100,C,0,40,
Comp,Colp,100,A,0,63,
Comp,Colp,100,B,0,70,
Comp,Colp,100,C,0,68,
Comp,P bur,200,A,0,45,
Comp,P bur,200,B,0,59,
Comp,P bur,200,C,0,54,
Comp,Colp,200,A,0,58,
Comp,Colp,200,B,0,57,
Comp,Colp,200,C,0,62,
Comp,P bur,0,A,2,46,
Comp,P bur,0,B,2,34,
Comp,P bur,0,C,2,41,
Comp,Colp,0,A,2,73,
Comp,Colp,0,B,2,71,
Comp,Colp,0,C,2,59,
Comp,P bur,50,A,2,67,
Comp,P bur,50,B,2,69,
Comp,Colp,50,A,2,92,
Comp,Colp,50,B,2,95,
Comp,P bur,100,A,2,55,
Comp,P bur,100,B,2,59,
Comp,P bur,100,C,2,51,
Comp,Colp,100,A,2,66,
Comp,Colp,100,B,2,83,
Comp,Colp,100,C,2,104,
Comp,P bur,200,A,2,71,
Comp,P bur,200,B,2,58,
Comp,P bur,200,C,2,43,
Comp,Colp,200,A,2,68,
Comp,Colp,200,B,2,34,
Comp,Colp,200,C,2,48,
Comp,P bur,0,A,5,43,
Comp,P bur,0,B,5,42,
Comp,P bur,0,C,5,34,
Comp,Colp,0,A,5,1090,
Comp,Colp,0,B,5,1160,
Comp,Colp,0,C,5,1220,
Comp,P bur,50,A,5,121,
Comp,P bur,50,B,5,125,
Comp,Colp,50,A,5,1210,
Comp,Colp,50,B,5,1370,
Comp,P bur,100,A,5,90,
Comp,P bur,100,B,5,89,
Comp,P bur,100,C,5,86,
Comp,Colp,100,A,5,420,
Comp,Colp,100,B,5,770,
Comp,Colp,100,C,5,770,
Comp,P bur,200,A,5,116,
Comp,P bur,200,B,5,111,
Comp,P bur,200,C,5,105,
Comp,Colp,200,A,5,202,
Comp,Colp,200,B,5,185,
Comp,Colp,200,C,5,218,
Comp,P bur,0,A,7,45,
Comp,P bur,0,B,7,32,
Comp,P bur,0,C,7,33,
Comp,Colp,0,A,7,1370,
Comp,Colp,0,B,7,1490,
Comp,Colp,0,C,7,1400,
Comp,P bur,50,A,7,187,
Comp,P bur,50,B,7,181,
Comp,Colp,50,A,7,1140,
Comp,Colp,50,B,7,1500,
Comp,P bur,100,A,7,168,
Comp,P bur,100,B,7,148,
Comp,P bur,100,C,7,115,
Comp,Colp,100,A,7,660,
Comp,Colp,100,B,7,780,
Comp,Colp,100,C,7,720,
Comp,P bur,200,A,7,213,
Comp,P bur,200,B,7,205,
Comp,P bur,200,C,7,182,
Comp,Colp,200,A,7,330,
Comp,Colp,200,B,7,338,
Comp,Colp,200,C,7,340,
Comp,P bur,0,A,10,20,
Comp,P bur,0,B,10,23,
Comp,P bur,0,C,10,20,
Comp,Colp,0,A,10,1500,
Comp,Colp,0,B,10,1262.5,
Comp,Colp,0,C,10,1225,
Comp,P bur,50,A,10,226,
Comp,P bur,50,B,10,262,
Comp,Colp,50,A,10,1512.5,
Comp,Colp,50,B,10,1275,
Comp,P bur,100,A,10,280,
Comp,P bur,100,B,10,216,
Comp,P bur,100,C,10,226,
Comp,Colp,100,A,10,470,
Comp,Colp,100,B,10,860,
Comp,Colp,100,C,10,890,
Comp,P bur,200,A,10,447.5,
Comp,P bur,200,B,10,385,
Comp,P bur,200,C,10,370,
Comp,Colp,200,A,10,265,
Comp,Colp,200,B,10,237.5,
Comp,Colp,200,C,10,322.5,
Comp,P bur,0,A,12,9,
Comp,P bur,0,B,12,8,
Comp,P bur,0,C,12,1,
Comp,Colp,0,A,12,1280,
Comp,Colp,0,B,12,1360,
Comp,Colp,0,C,12,1480,
Comp,P bur,50,A,12,234,
Comp,P bur,50,B,12,318,
Comp,Colp,50,A,12,800,
Comp,Colp,50,B,12,725,
Comp,P bur,100,A,12,394,
Comp,P bur,100,B,12,318,
Comp,P bur,100,C,12,302,
Comp,Colp,100,A,12,590,
Comp,Colp,100,B,12,700,
Comp,Colp,100,C,12,1050,
Comp,P bur,200,A,12,235,
Comp,P bur,200,B,12,237.5,
Comp,P bur,200,C,12,212.5,
Comp,Colp,200,A,12,235,
Comp,Colp,200,B,12,227.5,
Comp,Colp,200,C,12,230,
Comp,P bur,0,A,14,3,
Comp,P bur,0,B,14,3,
Comp,P bur,0,C,14,0,
Comp,Colp,0,A,14,1475,
Comp,Colp,0,B,14,1425,
Comp,Colp,0,C,14,1075,
Comp,P bur,50,A,14,330,
Comp,P bur,50,B,14,270,
Comp,Colp,50,A,14,1460,
Comp,Colp,50,B,14,1170,
Comp,P bur,100,A,14,330,
Comp,P bur,100,B,14,393.3333333,
Comp,P bur,100,C,14,413.3333333,
Comp,Colp,100,A,14,620,
Comp,Colp,100,B,14,600,
Comp,Colp,100,C,14,780,
Comp,P bur,200,A,14,530,
Comp,P bur,200,B,14,560,
Comp,P bur,200,C,14,560,
Comp,Colp,200,A,14,300,
Comp,Colp,200,B,14,216.6666667,
Comp,Colp,200,C,14,263.3333333,
Comp,P bur,0,A,17,0,
Comp,P bur,0,B,17,0,
Comp,P bur,0,C,17,0,
Comp,Colp,0,A,17,1437.5,
Comp,Colp,0,B,17,1125,
Comp,Colp,0,C,17,725,
Comp,P bur,50,A,17,403.3333333,
Comp,P bur,50,B,17,330,
Comp,Colp,50,A,17,1412.5,
Comp,Colp,50,B,17,1125,
Comp,P bur,100,A,17,380,
Comp,P bur,100,B,17,460,
Comp,P bur,100,C,17,485,
Comp,Colp,100,A,17,330,
Comp,Colp,100,B,17,325,
Comp,Colp,100,C,17,1015,
Comp,P bur,200,A,17,580,
Comp,P bur,200,B,17,625,
Comp,P bur,200,C,17,635,
Comp,Colp,200,A,17,170,
Comp,Colp,200,B,17,65,
Comp,Colp,200,C,17,130,
Comp,P bur,0,A,19,0,
Comp,P bur,0,B,19,0,
Comp,P bur,0,C,19,0,
Comp,Colp,0,A,19,1150,
Comp,Colp,0,B,19,1060,
Comp,Colp,0,C,19,280,
Comp,P bur,50,A,19,366.6666667,
Comp,P bur,50,B,19,323.3333333,
Comp,Colp,50,A,19,1110,
Comp,Colp,50,B,19,870,
Comp,P bur,100,A,19,450,
Comp,P bur,100,B,19,365,
Comp,P bur,100,C,19,425,
Comp,Colp,100,A,19,235,
Comp,Colp,100,B,19,225,
Comp,Colp,100,C,19,1020,
Comp,P bur,200,A,19,575,
Comp,P bur,200,B,19,675,
Comp,P bur,200,C,19,620,
Comp,Colp,200,A,19,45,
Comp,Colp,200,B,19,20,
Comp,Colp,200,C,19,55,
Comp,P bur,0,A,21,0,
Comp,P bur,0,B,21,0,
Comp,P bur,0,C,21,0,
Comp,Colp,0,A,21,1010,
Comp,Colp,0,B,21,1280,
Comp,Colp,0,C,21,60,
Comp,P bur,50,A,21,340,
Comp,P bur,50,B,21,350,
Comp,Colp,50,A,21,590,
Comp,Colp,50,B,21,630,
Comp,P bur,100,A,21,490,
Comp,P bur,100,B,21,495,
Comp,P bur,100,C,21,615,
Comp,Colp,100,A,21,105,
Comp,Colp,100,B,21,90,
Comp,Colp,100,C,21,1120,
Comp,P bur,200,A,21,510,
Comp,P bur,200,B,21,610,
Comp,P bur,200,C,21,520,
Comp,Colp,200,A,21,15,
Comp,Colp,200,B,21,0,
Comp,Colp,200,C,21,25,
Comp,P bur,0,A,23,0,
Comp,P bur,0,B,23,0,
Comp,P bur,0,C,23,0,
Comp,Colp,0,A,23,1030,
Comp,Colp,0,B,23,1490,
Comp,Colp,0,C,23,70,
Comp,P bur,50,A,23,370,
Comp,P bur,50,B,23,416.6666667,
Comp,Colp,50,A,23,326.6666667,
Comp,Colp,50,B,23,210,
Comp,P bur,100,A,23,525,
Comp,P bur,100,B,23,370,
Comp,P bur,100,C,23,525,
Comp,Colp,100,A,23,215,
Comp,Colp,100,B,23,10,
Comp,Colp,100,C,23,920,
Comp,P bur,200,A,23,575,
Comp,P bur,200,B,23,520,
Comp,P bur,200,C,23,600,
Comp,Colp,200,A,23,10,
Comp,Colp,200,B,23,0,
Comp,Colp,200,C,23,0,
Comp,P bur,0,A,26,0,
Comp,P bur,0,B,26,0,
Comp,P bur,0,C,26,0,
Comp,Colp,0,A,26,1000,
Comp,Colp,0,B,26,1200,
Comp,Colp,0,C,26,20,
Comp,P bur,50,A,26,406.6666667,
Comp,P bur,50,B,26,386.6666667,
Comp,Colp,50,A,26,206.6666667,
Comp,Colp,50,B,26,160,
Comp,P bur,100,A,26,545,
Comp,P bur,100,B,26,425,
Comp,P bur,100,C,26,675,
Comp,Colp,100,A,26,80,
Comp,Colp,100,B,26,15,
Comp,Colp,100,C,26,1120,
Comp,P bur,200,A,26,460,
Comp,P bur,200,B,26,560,
Comp,P bur,200,C,26,540,
Comp,Colp,200,A,26,10,
Comp,Colp,200,B,26,0,
Comp,Colp,200,C,26,0,
Comp,P bur,0,A,28,0,
Comp,P bur,0,B,28,0,
Comp,P bur,0,C,28,0,
Comp,Colp,0,A,28,950,
Comp,Colp,0,B,28,1330,
Comp,Colp,0,C,28,70,
Comp,P bur,50,A,28,383.3333333,
Comp,P bur,50,B,28,396.6666667,
Comp,Colp,50,A,28,173.3333333,
Comp,Colp,50,B,28,120,
Comp,P bur,100,A,28,370,
Comp,P bur,100,B,28,380,
Comp,P bur,100,C,28,755,
Comp,Colp,100,A,28,105,
Comp,Colp,100,B,28,0,
Comp,Colp,100,C,28,1000,
Comp,P bur,200,A,28,290,
Comp,P bur,200,B,28,470,
Comp,P bur,200,C,28,490,
Comp,Colp,200,A,28,20,
Comp,Colp,200,B,28,5,
Comp,Colp,200,C,28,5,
Comp,P bur,0,A,30,0,
Comp,P bur,0,B,30,0,
Comp,P bur,0,C,30,0,
Comp,Colp,0,A,30,880,
Comp,Colp,0,B,30,1450,
Comp,Colp,0,C,30,60,
Comp,P bur,50,A,30,310,
Comp,P bur,50,B,30,190,
Comp,Colp,50,A,30,180,
Comp,Colp,50,B,30,33.33333333,
Comp,P bur,100,A,30,595,
Comp,P bur,100,B,30,330,
Comp,P bur,100,C,30,740,
Comp,Colp,100,A,30,85,
Comp,Colp,100,B,30,10,
Comp,Colp,100,C,30,1045,
Comp,P bur,200,A,30,245,
Comp,P bur,200,B,30,365,
Comp,P bur,200,C,30,440,
Comp,Colp,200,A,30,15,
Comp,Colp,200,B,30,5,
Comp,Colp,200,C,30,5,
Comp,P bur,0,A,33,0,
Comp,P bur,0,B,33,0,
Comp,P bur,0,C,33,0,
Comp,Colp,0,A,33,830,
Comp,Colp,0,B,33,2010,
Comp,Colp,0,C,33,20,
Comp,P bur,50,A,33,430,
Comp,P bur,50,B,33,316.6666667,
Comp,Colp,50,A,33,93.33333333,
Comp,Colp,50,B,33,46.66666667,
Comp,P bur,100,A,33,455,
Comp,P bur,100,B,33,315,
Comp,P bur,100,C,33,695,
Comp,Colp,100,A,33,210,
Comp,Colp,100,B,33,5,
Comp,Colp,100,C,33,1080,
Comp,P bur,200,A,33,273.3333333,
Comp,P bur,200,B,33,273.3333333,
Comp,P bur,200,C,33,383.3333333,
Comp,Colp,200,A,33,13.33333333,
Comp,Colp,200,B,33,6.666666667,
Comp,Colp,200,C,33,0,
Comp,P bur,0,A,35,0,
Comp,P bur,0,B,35,0,
Comp,P bur,0,C,35,0,
Comp,Colp,0,A,35,840,
Comp,Colp,0,B,35,1790,
Comp,Colp,0,C,35,350,
Comp,P bur,50,A,35,386.6666667,
Comp,P bur,50,B,35,363.3333333,
Comp,Colp,50,A,35,133.3333333,
Comp,Colp,50,B,35,90,
Comp,P bur,100,A,35,475,
Comp,P bur,100,B,35,270,
Comp,P bur,100,C,35,645,
Comp,Colp,100,A,35,185,
Comp,Colp,100,B,35,10,
Comp,Colp,100,C,35,1180,
Comp,P bur,200,A,35,215,
Comp,P bur,200,B,35,320,
Comp,P bur,200,C,35,485,
Comp,Colp,200,A,35,5,
Comp,Colp,200,B,35,0,
Comp,Colp,200,C,35,5,
Comp,P bur,0,A,38,0,
Comp,P bur,0,B,38,0,
Comp,P bur,0,C,38,0,
Comp,Colp,0,A,38,990,
Comp,Colp,0,B,38,1980,
Comp,Colp,0,C,38,300,
Comp,P bur,50,A,38,330,
Comp,P bur,50,B,38,243.3333333,
Comp,Colp,50,A,38,120,
Comp,Colp,50,B,38,50,
Comp,P bur,100,A,38,505,
Comp,P bur,100,B,38,180,
Comp,P bur,100,C,38,970,
Comp,Colp,100,A,38,230,
Comp,Colp,100,B,38,0,
Comp,Colp,100,C,38,1030,
Comp,P bur,200,A,38,383.3333333,
Comp,P bur,200,B,38,346.6666667,
Comp,P bur,200,C,38,653.3333333,
Comp,Colp,200,A,38,10,
Comp,Colp,200,B,38,0,
Comp,Colp,200,C,38,0,
Comp,P bur,0,A,39,0,
Comp,P bur,0,B,39,0,
Comp,P bur,0,C,39,0,
Comp,Colp,0,A,39,900,
Comp,Colp,0,B,39,1590,
Comp,Colp,0,C,39,220,
Comp,P bur,50,A,39,416.6666667,
Comp,P bur,50,B,39,260,
Comp,Colp,50,A,39,153.3333333,
Comp,Colp,50,B,39,73.33333333,
Comp,P bur,100,A,39,505,
Comp,P bur,100,B,39,205,
Comp,P bur,100,C,39,840,
Comp,Colp,100,A,39,145,
Comp,Colp,100,B,39,0,
Comp,Colp,100,C,39,1085,
Comp,P bur,200,A,39,430,
Comp,P bur,200,B,39,356.6666667,
Comp,P bur,200,C,39,476.6666667,
Comp,Colp,200,A,39,3.333333333,
Comp,Colp,200,B,39,0,
Comp,Colp,200,C,39,0,
Comp,P bur,0,A,42,0,
Comp,P bur,0,B,42,0,
Comp,P bur,0,C,42,0,
Comp,Colp,0,A,42,1160,
Comp,Colp,0,B,42,1760,
Comp,Colp,0,C,42,220,
Comp,P bur,50,A,42,243.3333333,
Comp,P bur,50,B,42,210,
Comp,Colp,50,A,42,106.6666667,
Comp,Colp,50,B,42,63.33333333,
Comp,P bur,100,A,42,436.6666667,
Comp,P bur,100,B,42,196.6666667,
Comp,P bur,100,C,42,695,
Comp,Colp,100,A,42,173.3333333,
Comp,Colp,100,B,42,0,
Comp,Colp,100,C,42,1040,
Comp,P bur,200,A,42,390,
Comp,P bur,200,B,42,316.6666667,
Comp,P bur,200,C,42,623.3333333,
Comp,Colp,200,A,42,0,
Comp,Colp,200,B,42,0,
Comp,Colp,200,C,42,0,
Comp,P bur,0,A,46,0,
Comp,P bur,0,B,46,0,
Comp,P bur,0,C,46,0,
Comp,Colp,0,A,46,1100,
Comp,Colp,0,B,46,1630,
Comp,Colp,0,C,46,170,
Comp,P bur,50,A,46,170,
Comp,P bur,50,B,46,186.6666667,
Comp,Colp,50,A,46,186.6666667,
Comp,Colp,50,B,46,120,
Comp,P bur,100,A,46,390,
Comp,P bur,100,B,46,75,
Comp,P bur,100,C,46,685,
Comp,Colp,100,A,46,210,
Comp,Colp,100,B,46,0,
Comp,Colp,100,C,46,865,
Comp,P bur,200,A,46,470,
Comp,P bur,200,B,46,536.6666667,
Comp,P bur,200,C,46,573.3333333,
Comp,Colp,200,A,46,0,
Comp,Colp,200,B,46,0,
Comp,Colp,200,C,46,0,
Comp,P bur,0,A,48,0,
Comp,P bur,0,B,48,0,
Comp,P bur,0,C,48,0,
Comp,Colp,0,A,48,1430,
Comp,Colp,0,B,48,1710,
Comp,Colp,0,C,48,270,
Comp,P bur,50,A,48,156.6666667,
Comp,P bur,50,B,48,146.6666667,
Comp,Colp,50,A,48,233.3333333,
Comp,Colp,50,B,48,233.3333333,
Comp,P bur,100,A,48,350,
Comp,P bur,100,B,48,125,
Comp,P bur,100,C,48,720,
Comp,Colp,100,A,48,240,
Comp,Colp,100,B,48,0,
Comp,Colp,100,C,48,835,
Comp,P bur,200,A,48,453.3333333,
Comp,P bur,200,B,48,516.6666667,
Comp,P bur,200,C,48,613.3333333,
Comp,Colp,200,A,48,3.333333333,
Comp,Colp,200,B,48,3.333333333,
Comp,Colp,200,C,48,0,
Comp,P bur,0,A,52,0,
Comp,P bur,0,B,52,0,
Comp,P bur,0,C,52,0,
Comp,Colp,0,A,52,1970,
Comp,Colp,0,B,52,1440,
Comp,Colp,0,C,52,390,
Comp,P bur,50,A,52,130,
Comp,P bur,50,B,52,116.6666667,
Comp,Colp,50,A,52,296.6666667,
Comp,Colp,50,B,52,106.6666667,
Comp,P bur,100,A,52,300,
Comp,P bur,100,B,52,75,
Comp,P bur,100,C,52,845,
Comp,Colp,100,A,52,170,
Comp,Colp,100,B,52,0,
Comp,Colp,100,C,52,640,
Comp,P bur,200,A,52,565,
Comp,P bur,200,B,52,730,
Comp,P bur,200,C,52,710,
Comp,Colp,200,A,52,0,
Comp,Colp,200,B,52,0,
Comp,Colp,200,C,52,0,
Comp,P bur,0,A,55,0,
Comp,P bur,0,B,55,0,
Comp,P bur,0,C,55,0,
Comp,Colp,0,A,55,2180,
Comp,Colp,0,B,55,1340,
Comp,Colp,0,C,55,390,
Comp,P bur,50,A,55,136.6666667,
Comp,P bur,50,B,55,93.33333333,
Comp,Colp,50,A,55,420,
Comp,Colp,50,B,55,90,
Comp,P bur,100,A,55,160,
Comp,P bur,100,B,55,20,
Comp,P bur,100,C,55,780,
Comp,Colp,100,A,55,230,
Comp,Colp,100,B,55,0,
Comp,Colp,100,C,55,660,
Comp,P bur,200,A,55,510,
Comp,P bur,200,B,55,685,
Comp,P bur,200,C,55,675,
Comp,Colp,200,A,55,0,
Comp,Colp,200,B,55,0,
Comp,Colp,200,C,55,0,
Comp,P bur,0,A,59,0,
Comp,P bur,0,B,59,0,
Comp,P bur,0,C,59,0,
Comp,Colp,0,A,59,2240,
Comp,Colp,0,B,59,1130,
Comp,Colp,0,C,59,380,
Comp,P bur,50,A,59,130,
Comp,P bur,50,B,59,93.33333333,
Comp,Colp,50,A,59,1010,
Comp,Colp,50,B,59,110,
Comp,P bur,100,A,59,205,
Comp,P bur,100,B,59,20,
Comp,P bur,100,C,59,750,
Comp,Colp,100,A,59,160,
Comp,Colp,100,B,59,0,
Comp,Colp,100,C,59,645,
Comp,P bur,200,A,59,540,
Comp,P bur,200,B,59,810,
Comp,P bur,200,C,59,720,
Comp,Colp,200,A,59,0,
Comp,Colp,200,B,59,0,
Comp,Colp,200,C,59,0,
Colp,Colp,0,A,0,51,
Colp,Colp,0,B,0,58,
Colp,Colp,0,C,0,54,
Colp,Colp,200,A,0,54,
Colp,Colp,200,B,0,57,
Colp,Colp,200,C,0,52,
Colp,Colp,0,A,2,152.5,
Colp,Colp,0,B,2,145,
Colp,Colp,0,C,2,135,
Colp,Colp,200,A,2,117.5,
Colp,Colp,200,B,2,70,
Colp,Colp,200,C,2,115,
Colp,Colp,0,A,4,675,
Colp,Colp,0,B,4,705,
Colp,Colp,0,C,4,540,
Colp,Colp,200,A,4,370,
Colp,Colp,200,B,4,445,
Colp,Colp,200,C,4,960,
Colp,Colp,0,A,8,1880,
Colp,Colp,0,B,8,1860,
Colp,Colp,0,C,8,1600,
Colp,Colp,200,A,8,1640,
Colp,Colp,200,B,8,1220,
Colp,Colp,200,C,8,1260,
Colp,Colp,0,A,10,1980,
Colp,Colp,0,B,10,2060,
Colp,Colp,0,C,10,1940,
Colp,Colp,200,A,10,1460,
Colp,Colp,200,B,10,1500,
Colp,Colp,200,C,10,1580,
Colp,Colp,0,A,12,1660,
Colp,Colp,0,B,12,2020,
Colp,Colp,0,C,12,1800,
Colp,Colp,200,A,12,1500,
Colp,Colp,200,B,12,1580,
Colp,Colp,200,C,12,1280,
Colp,Colp,0,A,14,1820,
Colp,Colp,0,B,14,1980,
Colp,Colp,0,C,14,1740,
Colp,Colp,200,A,14,1620,
Colp,Colp,200,B,14,1240,
Colp,Colp,200,C,14,1220,
Colp,Colp,50,A,0,50,
Colp,Colp,50,B,0,59,
Colp,Colp,50,C,0,58,
Colp,Colp,100,A,0,62,
Colp,Colp,100,B,0,60,
Colp,Colp,100,C,0,65,
Colp,Colp,0,A,17,2060,
Colp,Colp,0,B,17,1920,
Colp,Colp,0,C,17,1240,
Colp,Colp,200,A,17,1180,
Colp,Colp,200,B,17,1360,
Colp,Colp,200,C,17,1640,
Colp,Colp,50,A,2,192.5,
Colp,Colp,50,B,2,195,
Colp,Colp,50,C,2,232.5,
Colp,Colp,100,A,2,155,
Colp,Colp,100,B,2,175,
Colp,Colp,100,C,2,167.5,
Colp,Colp,0,A,19,1740,
Colp,Colp,0,B,19,1740,
Colp,Colp,0,C,19,1340,
Colp,Colp,200,A,19,1160,
Colp,Colp,200,B,19,1200,
Colp,Colp,200,C,19,1280,
Colp,Colp,50,A,4,1125,
Colp,Colp,50,B,4,1800,
Colp,Colp,50,C,4,1735,
Colp,Colp,100,A,4,1585,
Colp,Colp,100,B,4,1715,
Colp,Colp,100,C,4,1565,
Colp,Colp,0,A,21,1620,
Colp,Colp,0,B,21,1620,
Colp,Colp,0,C,21,1440,
Colp,Colp,200,A,21,900,
Colp,Colp,200,B,21,1300,
Colp,Colp,200,C,21,1320,
Colp,Colp,50,A,6,2360,
Colp,Colp,50,B,6,2060,
Colp,Colp,50,C,6,2000,
Colp,Colp,100,A,6,1880,
Colp,Colp,100,B,6,1740,
Colp,Colp,100,C,6,2120,
Colp,Colp,0,A,24,1680,
Colp,Colp,0,B,24,1500,
Colp,Colp,0,C,24,1120,
Colp,Colp,200,A,24,580,
Colp,Colp,200,B,24,860,
Colp,Colp,200,C,24,780,
Colp,Colp,50,A,9,2740,
Colp,Colp,50,B,9,2480,
Colp,Colp,50,C,9,2240,
Colp,Colp,100,A,9,2000,
Colp,Colp,100,B,9,1500,
Colp,Colp,100,C,9,1860,
Colp,Colp,0,A,28,1100,
Colp,Colp,0,B,28,840,
Colp,Colp,0,C,28,860,
Colp,Colp,200,A,28,35,
Colp,Colp,200,B,28,240,
Colp,Colp,200,C,28,110,
Colp,Colp,50,A,13,2100,
Colp,Colp,50,B,13,2200,
Colp,Colp,50,C,13,2220,
Colp,Colp,100,A,13,1800,
Colp,Colp,100,B,13,2240,
Colp,Colp,100,C,13,1620,
Colp,Colp,0,A,32,520,
Colp,Colp,0,B,32,380,
Colp,Colp,0,C,32,285,
Colp,Colp,200,A,32,8.333333333,
Colp,Colp,200,B,32,130,
Colp,Colp,200,C,32,26.66666667,
Colp,Colp,50,A,17,3060,
Colp,Colp,50,B,17,2200,
Colp,Colp,50,C,17,1960,
Colp,Colp,100,A,17,1700,
Colp,Colp,100,B,17,1860,
Colp,Colp,100,C,17,2220,
Colp,Colp,0,A,37,7,
Colp,Colp,0,B,37,104,
Colp,Colp,0,C,37,6,
Colp,Colp,200,A,37,87.5,
Colp,Colp,200,B,37,130,
Colp,Colp,200,C,37,30,
Colp,Colp,50,A,22,2320,
Colp,Colp,50,B,22,1820,
Colp,Colp,50,C,22,2300,
Colp,Colp,100,A,22,1800,
Colp,Colp,100,B,22,1640,
Colp,Colp,100,C,22,1900,
Colp,Colp,0,A,41,38,
Colp,Colp,0,B,41,72,
Colp,Colp,0,C,41,56,
Colp,Colp,200,A,41,6,
Colp,Colp,200,B,41,110,
Colp,Colp,200,C,41,13,
Colp,Colp,50,A,26,2760,
Colp,Colp,50,B,26,960,
Colp,Colp,50,C,26,2340,
Colp,Colp,0,A,47,55,
Colp,Colp,0,B,47,50,
Colp,Colp,0,C,47,40,
Colp,Colp,200,A,47,5,
Colp,Colp,200,B,47,175,
Colp,Colp,200,C,47,5,
Colp,Colp,50,A,32,1870,
Colp,Colp,50,B,32,120,
Colp,Colp,50,C,32,2020,
Colp,Colp,100,A,32,30,
Colp,Colp,100,B,32,15,
Colp,Colp,100,C,32,30,
Colp,Colp,0,A,49,10,
Colp,Colp,0,B,49,75,
Colp,Colp,0,C,49,50,
Colp,Colp,200,A,49,10,
Colp,Colp,200,B,49,115,
Colp,Colp,200,C,49,20,
Colp,Colp,50,A,34,1360,
Colp,Colp,50,B,34,10,
Colp,Colp,50,C,34,1840,
Colp,Colp,100,A,34,20,
Colp,Colp,100,B,34,15,
Colp,Colp,100,C,34,20,
Colp,Colp,50,A,40,56,
Colp,Colp,50,B,40,660,
Colp,Colp,50,C,40,1730,
Colp,Colp,100,A,40,34,
Colp,Colp,100,B,40,50,
Colp,Colp,100,C,40,14,
Colp,Colp,0,A,60,8,
Colp,Colp,0,B,60,20,
Colp,Colp,0,C,60,52,
Colp,Colp,200,A,60,7,
Colp,Colp,200,B,60,165,
Colp,Colp,200,C,60,1,
Colp,Colp,50,A,46,10,
Colp,Colp,50,B,46,1480,
Colp,Colp,50,C,46,1140,
Colp,Colp,100,A,46,40,
Colp,Colp,100,B,46,64,
Colp,Colp,100,C,46,23,
Colp Control,Colp_Tukey,0,A,17,2060,0.645721765
Colp Control,Colp_Tukey,0,B,10,2060,0.624438698
Colp Control,Colp_Tukey,0,C,10,1940,0.575646273
Colp Control,Colp_Tukey,50,A,9,2740,0.778378827
Colp Control,Colp_Tukey,50,B,9,2480,0.854501125
Colp Control,Colp_Tukey,50,C,9,2240,0.84957992
Colp Control,Colp_Tukey,100,A,9,2000,0.810301325
Colp Control,Colp_Tukey,100,B,13,2240,0.838205949
Colp Control,Colp_Tukey,100,C,6,2120,0.795313458
Colp Control,Colp_Tukey,200,A,8,1640,0.382869093
Colp Control,Colp_Tukey,200,B,12,1580,0.513755754
Colp Control,Colp_Tukey,200,C,17,1640,0.728922391
Colp Competition,Colp_Tukey,0,A,10,1500,0.638864298
Colp Competition,Colp_Tukey,0,B,33,2010,0.638521949
Colp Competition,Colp_Tukey,0,C,12,1480,0.675708015
Colp Competition,Colp_Tukey,50,A,10,1512.5,0.633888281
Colp Competition,Colp_Tukey,50,B,7,1500,0.680065532
Colp Competition,Colp_Tukey,100,A,7,660,0.39816947
Colp Competition,Colp_Tukey,100,B,10,860,0.500337285
Colp Competition,Colp_Tukey,100,C,26,1120,0.49974156
Colp Competition,Colp_Tukey,200,A,14,300,0.266152198
Colp Competition,Colp_Tukey,200,B,7,338,0.302447384
Colp Competition,Colp_Tukey,200,C,7,340,0.283664841
P. bur Control,P bur_Tukey,0,A,1,58,-0.117722634
P. bur Control,P bur_Tukey,0,B,4,40,-0.056964883
P. bur Control,P bur_Tukey,0,C,0,53,-0.046349429
P. bur Control,P bur_Tukey,50,A,48,855,0.144382435
P. bur Control,P bur_Tukey,50,B,26,165,0.061814029
P. bur Control,P bur_Tukey,50,C,37,1335,0.114475353
P. bur Control,P bur_Tukey,100,A,33,3240,0.148995226
P. bur Control,P bur_Tukey,100,B,46,4920,0.151741421
P. bur Control,P bur_Tukey,100,C,37,7380,0.164016667
P. bur Control,P bur_Tukey,200,A,40,4000,0.174369618
P. bur Control,P bur_Tukey,200,B,48,7300,0.162470988
P. bur Control,P bur_Tukey,200,C,51,6280,0.154498074
P. bur Competition,P bur_Tukey,0,A,0,55,-0.187450038
P. bur Competition,P bur_Tukey,0,B,0,51,-0.174890545
P. bur Competition,P bur_Tukey,0,C,0,36,-0.23021062
P. bur Competition,P bur_Tukey,50,A,33,430,0.135238983
P. bur Competition,P bur_Tukey,50,B,23,416.6666667,0.139201041
P. bur Competition,P bur_Tukey,100,A,30,595,0.128851329
P. bur Competition,P bur_Tukey,100,B,21,495,0.147294869
P. bur Competition,P bur_Tukey,100,C,38,970,0.159495372
P. bur Competition,P bur_Tukey,200,A,17,580,0.167267131
P. bur Competition,P bur_Tukey,200,B,19,675,0.16232038
P. bur Competition,P bur_Tukey,200,C,17,635,0.172601452
P. bur Control,P bur_Tukey,0,A,1,58,-0.117722634
P. bur Control,P bur_Tukey,0,B,4,40,-0.056964883
P. bur Control,P bur_Tukey,0,C,0,53,-0.046349429
P. bur Control,P bur_Tukey,50,A,48,855,0.144382435
P. bur Control,P bur_Tukey,50,B,26,165,0.061814029
P. bur Control,P bur_Tukey,50,C,37,1335,0.114475353
P. bur Control,P bur_Tukey,100,A,33,3240,0.148995226
P. bur Control,P bur_Tukey,100,B,46,4920,0.151741421
P. bur Control,P bur_Tukey,100,C,37,7380,0.164016667
P. bur Control,P bur_Tukey,200,A,40,4000,0.174369618
P. bur Control,P bur_Tukey,200,B,48,7300,0.162470988
P. bur Control,P bur_Tukey,200,C,51,6280,0.154498074
P. bur Competition,P bur_Tukey,0,A,0,55,-0.187450038
P. bur Competition,P bur_Tukey,0,B,0,51,-0.174890545
P. bur Competition,P bur_Tukey,0,C,0,36,-0.23021062
P. bur Competition,P bur_Tukey,50,A,33,430,0.135238983
P. bur Competition,P bur_Tukey,50,B,23,416.6666667,0.139201041
P. bur Competition,P bur_Tukey,100,A,30,595,0.128851329
P. bur Competition,P bur_Tukey,100,B,21,495,0.147294869
P. bur Competition,P bur_Tukey,100,C,38,970,0.159495372
P. bur Competition,P bur_Tukey,200,A,17,580,0.167267131
P. bur Competition,P bur_Tukey,200,B,19,675,0.16232038
P. bur Competition,P bur_Tukey,200,C,17,635,0.172601452